feature,temperature_importance
temp_lag_1_scaled,0.2549322198239365
hour,0.24961590430264988
temp_lag_2_scaled,0.1476736966002436
time_afternoon,0.1133905992895379
temp_lag_3_scaled,0.10908918503912197
temp_diff_1_scaled,0.042880314216695914
temp_diff_2_scaled,0.0391059677686719
time_morning,0.015859457473266045
time_night,0.015777783382241277
time_evening,0.011674872103635025
day_of_week,0.0
